-- phpMyAdmin SQL Dump
-- version 5.1.1
-- https://www.phpmyadmin.net/
--
-- Gép: 127.0.0.1
-- Létrehozás ideje: 2024. Már 18. 12:57
-- Kiszolgáló verziója: 10.4.20-MariaDB
-- PHP verzió: 8.0.9

SET SQL_MODE = "NO_AUTO_VALUE_ON_ZERO";
START TRANSACTION;
SET time_zone = "+00:00";


/*!40101 SET @OLD_CHARACTER_SET_CLIENT=@@CHARACTER_SET_CLIENT */;
/*!40101 SET @OLD_CHARACTER_SET_RESULTS=@@CHARACTER_SET_RESULTS */;
/*!40101 SET @OLD_COLLATION_CONNECTION=@@COLLATION_CONNECTION */;
/*!40101 SET NAMES utf8mb4 */;

--
-- Adatbázis: `közlekedés`
--
CREATE DATABASE IF NOT EXISTS `közlekedés` DEFAULT CHARACTER SET utf8mb4 COLLATE utf8mb4_general_ci;
USE `közlekedés`;

-- --------------------------------------------------------

--
-- Tábla szerkezet ehhez a táblához `jármű`
--

CREATE TABLE IF NOT EXISTS `jármű` (
  `id` int(11) NOT NULL AUTO_INCREMENT,
  `típus` varchar(10) DEFAULT NULL CHECK (`típus` in ('HÉV','Busz','Trolibusz','Metró','Villamos')),
  `gyártási_év` year(4) DEFAULT NULL,
  `gyártmány` varchar(20) DEFAULT NULL,
  `üzemeltető` varchar(7) DEFAULT NULL CHECK (`üzemeltető` in ('BKK','MÁV-HÉV')),
  `akadalymentesitett` tinyint(1) DEFAULT NULL,
  PRIMARY KEY (`id`)
) ENGINE=InnoDB AUTO_INCREMENT=151 DEFAULT CHARSET=utf8mb4;

--
-- A tábla adatainak kiíratása `jármű`
--

INSERT INTO `jármű` (`id`, `típus`, `gyártási_év`, `gyártmány`, `üzemeltető`, `akadalymentesitett`) VALUES
(1, 'HÉV', 1948, 'Siemens', 'MÁV-HÉV', 1),
(2, 'Villamos', 1930, 'Siemens', 'BKK', 1),
(3, 'Metró', 1931, 'Metrovagonmas', 'BKK', 1),
(4, 'Busz', 1974, 'Solaris', 'BKK', 1),
(5, 'Villamos', 1942, 'Caf', 'BKK', 0),
(6, 'Busz', 1993, 'Solaris', 'BKK', 0),
(7, 'Metró', 1957, 'Alstom', 'BKK', 1),
(8, 'Busz', 1985, 'MAN', 'BKK', 1),
(9, 'Busz', 1987, 'Ikarus', 'BKK', 0),
(10, 'HÉV', 2001, 'Siemens', 'MÁV-HÉV', 1),
(11, 'Busz', 1985, 'Ikarus', 'BKK', 0),
(12, 'HÉV', 1994, 'Siemens', 'MÁV-HÉV', 0),
(13, 'Villamos', 1999, 'Siemens', 'BKK', 0),
(14, 'Trolibusz', 1921, 'Ikarus', 'BKK', 0),
(15, 'Villamos', 1982, 'Siemens', 'BKK', 1),
(16, 'Busz', 2012, 'Ikarus', 'BKK', 1),
(17, 'Metró', 1946, 'Alstom', 'BKK', 1),
(18, 'Metró', 1971, 'Ganz', 'BKK', 0),
(19, 'Metró', 1981, 'Metrovagonmas', 'BKK', 0),
(20, 'Busz', 2009, 'Mercedes', 'BKK', 0),
(21, 'Busz', 1928, 'Solaris', 'BKK', 0),
(22, 'Metró', 1989, 'Alstom', 'BKK', 0),
(23, 'Busz', 1966, 'Solaris', 'BKK', 0),
(24, 'Metró', 1996, 'Ganz', 'BKK', 0),
(25, 'HÉV', 2003, 'Bombardier', 'MÁV-HÉV', 1),
(26, 'Metró', 1951, 'Alstom', 'BKK', 1),
(27, 'Busz', 1973, 'Solaris', 'BKK', 1),
(28, 'Trolibusz', 2015, 'Ikarus', 'BKK', 1),
(29, 'HÉV', 1923, 'Siemens', 'MÁV-HÉV', 1),
(30, 'Trolibusz', 1937, 'Ikarus', 'BKK', 0),
(31, 'Busz', 1940, 'Ikarus', 'BKK', 0),
(32, 'Villamos', 1921, 'Siemens', 'BKK', 1),
(33, 'Busz', 1921, 'Ikarus', 'BKK', 1),
(34, 'Metró', 1973, 'Ganz', 'BKK', 0),
(35, 'Metró', 1923, 'Alstom', 'BKK', 1),
(36, 'HÉV', 1931, 'Alstom', 'MÁV-HÉV', 0),
(37, 'Metró', 1976, 'Ganz', 'BKK', 0),
(38, 'Busz', 1929, 'Solaris', 'BKK', 1),
(39, 'Villamos', 2008, 'Caf', 'BKK', 1),
(40, 'Trolibusz', 2010, 'Solaris', 'BKK', 1),
(41, 'Trolibusz', 1978, 'Solaris', 'BKK', 0),
(42, 'Busz', 1996, 'Solaris', 'BKK', 1),
(43, 'HÉV', 1928, 'Alstom', 'MÁV-HÉV', 1),
(44, 'Busz', 1930, 'Mercedes', 'BKK', 1),
(45, 'HÉV', 1921, 'Bombardier', 'MÁV-HÉV', 0),
(46, 'Metró', 1952, 'Metrovagonmas', 'BKK', 0),
(47, 'Busz', 1958, 'Mercedes', 'BKK', 0),
(48, 'Trolibusz', 1924, 'Ikarus', 'BKK', 0),
(49, 'Busz', 1970, 'Ikarus', 'BKK', 1),
(50, 'HÉV', 1920, 'Siemens', 'MÁV-HÉV', 1),
(51, 'Villamos', 1944, 'Caf', 'BKK', 0),
(52, 'Metró', 2015, 'Alstom', 'BKK', 0),
(53, 'Trolibusz', 2012, 'Solaris', 'BKK', 0),
(54, 'HÉV', 1953, 'Bombardier', 'MÁV-HÉV', 0),
(55, 'Busz', 1921, 'Solaris', 'BKK', 0),
(56, 'Trolibusz', 1933, 'Ikarus', 'BKK', 1),
(57, 'Busz', 2011, 'Mercedes', 'BKK', 1),
(58, 'Villamos', 1960, 'Caf', 'BKK', 0),
(59, 'HÉV', 1993, 'Siemens', 'MÁV-HÉV', 0),
(60, 'Metró', 1936, 'Ganz', 'BKK', 0),
(61, 'HÉV', 1970, 'Siemens', 'MÁV-HÉV', 0),
(62, 'HÉV', 1961, 'Alstom', 'MÁV-HÉV', 0),
(63, 'HÉV', 1937, 'Bombardier', 'MÁV-HÉV', 0),
(64, 'Metró', 1971, 'Metrovagonmas', 'BKK', 1),
(65, 'Busz', 1983, 'Ikarus', 'BKK', 1),
(66, 'Villamos', 1948, 'Caf', 'BKK', 0),
(67, 'Metró', 1985, 'Metrovagonmas', 'BKK', 0),
(68, 'Villamos', 1948, 'Siemens', 'BKK', 0),
(69, 'Busz', 1949, 'Ikarus', 'BKK', 0),
(70, 'Metró', 1947, 'Metrovagonmas', 'BKK', 0),
(71, 'Busz', 1973, 'Ikarus', 'BKK', 0),
(72, 'Metró', 1995, 'Ganz', 'BKK', 1),
(73, 'HÉV', 1941, 'Alstom', 'MÁV-HÉV', 1),
(74, 'Trolibusz', 1949, 'Solaris', 'BKK', 0),
(75, 'Metró', 1985, 'Alstom', 'BKK', 1),
(76, 'Villamos', 1926, 'Caf', 'BKK', 1),
(77, 'Trolibusz', 1927, 'Ikarus', 'BKK', 1),
(78, 'Villamos', 2008, 'Siemens', 'BKK', 0),
(79, 'Villamos', 1941, 'Siemens', 'BKK', 0),
(80, 'Metró', 1921, 'Ganz', 'BKK', 1),
(81, 'Metró', 1983, 'Alstom', 'BKK', 1),
(82, 'Busz', 1973, 'MAN', 'BKK', 1),
(83, 'Busz', 2004, 'Ikarus', 'BKK', 0),
(84, 'Villamos', 1964, 'Caf', 'BKK', 1),
(85, 'Trolibusz', 2000, 'Solaris', 'BKK', 0),
(86, 'Busz', 2003, 'Solaris', 'BKK', 0),
(87, 'Trolibusz', 1930, 'Ikarus', 'BKK', 1),
(88, 'Busz', 1954, 'Mercedes', 'BKK', 0),
(89, 'Metró', 1964, 'Alstom', 'BKK', 0),
(90, 'HÉV', 1976, 'Alstom', 'MÁV-HÉV', 0),
(91, 'Villamos', 1992, 'Caf', 'BKK', 1),
(92, 'Trolibusz', 1948, 'Ikarus', 'BKK', 0),
(93, 'Trolibusz', 1956, 'Ikarus', 'BKK', 0),
(94, 'Villamos', 1929, 'Caf', 'BKK', 1),
(95, 'Trolibusz', 2006, 'Ikarus', 'BKK', 0),
(96, 'HÉV', 1956, 'Alstom', 'MÁV-HÉV', 0),
(97, 'Villamos', 1923, 'Siemens', 'BKK', 0),
(98, 'HÉV', 2004, 'Siemens', 'MÁV-HÉV', 0),
(99, 'Trolibusz', 1924, 'Solaris', 'BKK', 1),
(100, 'Busz', 2009, 'MAN', 'BKK', 1),
(101, 'Villamos', 1967, 'Siemens', 'BKK', 1),
(102, 'HÉV', 1968, 'Alstom', 'MÁV-HÉV', 0),
(103, 'Villamos', 1968, 'Siemens', 'BKK', 1),
(104, 'HÉV', 1968, 'Bombardier', 'MÁV-HÉV', 1),
(105, 'Trolibusz', 1970, 'Solaris', 'BKK', 0),
(106, 'Villamos', 2002, 'Caf', 'BKK', 0),
(107, 'Busz', 1922, 'MAN', 'BKK', 1),
(108, 'HÉV', 1943, 'Siemens', 'MÁV-HÉV', 0),
(109, 'HÉV', 1972, 'Siemens', 'MÁV-HÉV', 1),
(110, 'Villamos', 1969, 'Caf', 'BKK', 1),
(111, 'Metró', 2013, 'Ganz', 'BKK', 0),
(112, 'Villamos', 1954, 'Siemens', 'BKK', 1),
(113, 'Villamos', 1986, 'Caf', 'BKK', 1),
(114, 'HÉV', 1945, 'Siemens', 'MÁV-HÉV', 1),
(115, 'Villamos', 1991, 'Siemens', 'BKK', 1),
(116, 'Busz', 2016, 'MAN', 'BKK', 1),
(117, 'Metró', 1955, 'Alstom', 'BKK', 0),
(118, 'Busz', 1932, 'Ikarus', 'BKK', 1),
(119, 'HÉV', 1923, 'Bombardier', 'MÁV-HÉV', 1),
(120, 'HÉV', 2000, 'Bombardier', 'MÁV-HÉV', 1),
(121, 'HÉV', 2012, 'Bombardier', 'MÁV-HÉV', 1),
(122, 'HÉV', 1998, 'Siemens', 'MÁV-HÉV', 1),
(123, 'Villamos', 2012, 'Siemens', 'BKK', 0),
(124, 'Trolibusz', 1944, 'Solaris', 'BKK', 0),
(125, 'Villamos', 1998, 'Siemens', 'BKK', 0),
(126, 'Trolibusz', 1985, 'Solaris', 'BKK', 1),
(127, 'HÉV', 1982, 'Bombardier', 'MÁV-HÉV', 1),
(128, 'Metró', 1920, 'Ganz', 'BKK', 1),
(129, 'Villamos', 1936, 'Siemens', 'BKK', 1),
(130, 'Trolibusz', 1966, 'Solaris', 'BKK', 1),
(131, 'Busz', 1926, 'MAN', 'BKK', 0),
(132, 'HÉV', 1958, 'Siemens', 'MÁV-HÉV', 1),
(133, 'HÉV', 1952, 'Alstom', 'MÁV-HÉV', 1),
(134, 'Busz', 1980, 'Mercedes', 'BKK', 0),
(135, 'HÉV', 1981, 'Bombardier', 'MÁV-HÉV', 0),
(136, 'HÉV', 1942, 'Bombardier', 'MÁV-HÉV', 1),
(137, 'Trolibusz', 1922, 'Ikarus', 'BKK', 0),
(138, 'HÉV', 1997, 'Alstom', 'MÁV-HÉV', 0),
(139, 'HÉV', 1960, 'Bombardier', 'MÁV-HÉV', 1),
(140, 'Busz', 1981, 'MAN', 'BKK', 1),
(141, 'HÉV', 1963, 'Siemens', 'MÁV-HÉV', 0),
(142, 'Villamos', 1977, 'Caf', 'BKK', 0),
(143, 'Metró', 1963, 'Metrovagonmas', 'BKK', 0),
(144, 'Villamos', 1924, 'Siemens', 'BKK', 1),
(145, 'Trolibusz', 1923, 'Ikarus', 'BKK', 1),
(146, 'HÉV', 1974, 'Siemens', 'MÁV-HÉV', 0),
(147, 'Villamos', 1933, 'Caf', 'BKK', 0),
(148, 'Metró', 1940, 'Ganz', 'BKK', 0),
(149, 'Villamos', 1928, 'Siemens', 'BKK', 1),
(150, 'Metró', 1990, 'Ganz', 'BKK', 1);

-- --------------------------------------------------------

--
-- Tábla szerkezet ehhez a táblához `megálló`
--

CREATE TABLE IF NOT EXISTS `megálló` (
  `id` int(11) NOT NULL AUTO_INCREMENT,
  `név` varchar(50) DEFAULT NULL,
  `akadalymentesitett` tinyint(1) DEFAULT NULL,
  PRIMARY KEY (`id`)
) ENGINE=InnoDB AUTO_INCREMENT=151 DEFAULT CHARSET=utf8mb4;

--
-- A tábla adatainak kiíratása `megálló`
--

INSERT INTO `megálló` (`id`, `név`, `akadalymentesitett`) VALUES
(1, 'Csepel, Szent Imre tér', 0),
(2, 'Széll Kálmán tér', 1),
(3, 'Bikás park', 1),
(4, 'Kelenföld vasútállomás', 0),
(5, 'Kelenföld vasútállomás M', 0),
(6, 'Batthyány tér M+H', 1),
(7, 'Újpalota, Nyírpalota út', 1),
(8, 'Móricz Zsigmond körtér M', 0),
(9, 'Kistarcsa, kórház', 0),
(10, 'Örs vezér tere', 0),
(11, 'Mexikói út M', 0),
(12, 'Cinkota, Lassú utca', 0),
(13, 'Ilonatelep', 0),
(14, 'Rákóczi tér', 1),
(15, 'Megyer, Szondi utca', 1),
(16, 'Aquincum', 0),
(17, 'Örs vezér tere M+H', 0),
(18, 'Opera', 0),
(19, 'Svábhegy', 0),
(20, 'Puskás Ferenc stadion', 0),
(21, 'Szentjakab', 1),
(22, 'Bajcsy-Zsilinszky út', 0),
(23, 'Hősök tere', 1),
(24, 'II. János Pál pápa tér', 0),
(25, 'Kodály körönd', 0),
(26, 'Sashalom', 0),
(27, 'Budakalász, Lenfonó', 0),
(28, 'Szépvölgyi út', 1),
(29, 'Batthyány tér', 1),
(30, 'Széll Kálmán tér M', 0),
(31, 'Gödöllő, Erzsébet park', 0),
(32, 'Arany János utca', 0),
(33, 'Kaszásdűlő', 0),
(34, 'Csepel, Csillagtelep', 0),
(35, 'Mátyásföld, Imre utca', 0),
(36, 'Kőbánya-Kispest', 0),
(37, 'Mexikói út', 1),
(38, 'Boráros tér H', 1),
(39, 'Gyöngyösi utca M', 0),
(40, 'Mogyoród', 0),
(41, 'Tímár utca', 1),
(42, 'Nyugati pályaudvar M', 0),
(43, 'Szent Gellért tér - Műegyetem', 1),
(44, 'Pasaréti tér', 1),
(45, 'Göncz Árpád városközpont', 1),
(46, 'Deák Ferenc tér', 1),
(47, 'Békásmegyer', 0),
(48, 'Hűvösvölgy', 1),
(49, 'Péterimajor', 1),
(50, 'Semmelweis Klinikák', 1),
(51, 'Nagytétény-Diósd vasútállomás', 0),
(52, 'Budakalász', 0),
(53, 'Szentistvántelep', 1),
(54, 'Mátyásföld, repülőtér', 0),
(55, 'Gödöllő', 0),
(56, 'Szilasliget', 1),
(57, 'Mátyásföld alsó', 0),
(58, 'Nagyvárad tér', 1),
(59, 'Széchenyi fürdő', 1),
(60, 'Szentlélek tér', 0),
(61, 'Móricz Zsigmond körtér', 0),
(62, 'Kőbánya alsó vasútállomás', 1),
(63, 'Filatorigát', 0),
(64, 'Határ út', 0),
(65, 'Keleti pályaudvar M', 1),
(66, 'Rákospalota', 1),
(67, 'Árpádföld', 1),
(68, 'Dísz tér', 1),
(69, 'Szebeni utca', 0),
(70, 'Göncz Árpád városközpont M', 0),
(71, 'Cinkota alsó', 0),
(72, 'Forgách utca', 1),
(73, 'Szent Imre tér', 0),
(74, 'Budatétény vasútállomás (Campona)', 0),
(75, 'Ferenciek tere', 1),
(76, 'Karácsony Sándor utca', 0),
(77, 'Gyál', 1),
(78, 'Astoria', 0),
(79, 'Nyugati pályaudvar', 1),
(80, 'Keleti pályaudvar', 0),
(81, 'Vörösmarty tér', 1),
(82, 'Ecseri út', 1),
(83, 'Cinkotai autóbuszgarázs', 1),
(84, 'Közvágóhíd', 1),
(85, 'Pestszentimre', 0),
(86, 'Gödöllő, Szabadság tér', 0),
(87, 'Nagyicce', 0),
(88, 'Rákosfalva', 1),
(89, 'Blaha Lujza tér', 1),
(90, 'Újbuda-központ', 0),
(91, 'Kistarcsa', 1),
(92, 'Oktogon', 0),
(93, 'Szentlélek tér H', 0),
(94, 'Nagybányai út', 0),
(95, 'Vecsési út', 0),
(96, 'Szigetszentmiklós, városháza', 1),
(97, 'Deák Ferenc tér M', 0),
(98, 'Margit híd, budai hídfő', 0),
(99, 'Normafa', 1),
(100, 'Centenáriumi lakótelep', 1),
(101, 'Kissvábhegy', 1),
(102, 'Káposztásmegyer, Szilas-patak', 1),
(103, 'Gazdagréti tér', 1),
(104, 'Dózsa György út', 1),
(105, 'Szentendre', 0),
(106, 'Újpest-Városkapu', 0),
(107, 'Újpest-központ M', 1),
(108, 'Budaörsi lakótelep', 1),
(109, 'Déli pályaudvar', 1),
(110, 'Csepel', 1),
(111, 'Boráros tér', 1),
(112, 'Lakihegy, Cseresznyés utca', 0),
(113, 'Szentlőrinci úti lakótelep', 0),
(114, 'Lehel tér', 0),
(115, 'Cinkota', 0),
(116, 'Fővám tér', 0),
(117, 'Blaha Lujza tér M', 1),
(118, 'Vörösmarty utca', 0),
(119, 'Csillaghegy', 1),
(120, 'Mindszenty József bíboros tér', 0),
(121, 'Kén utca', 1),
(122, 'Bajza utca', 1),
(123, 'Újpest-Központ', 1),
(124, 'Budakeszi, Dózsa György tér', 0),
(125, 'Diósd, Búzavirág utca', 1),
(126, 'Rákoskeresztúr', 1),
(127, 'Szabadkikötő', 1),
(128, 'Szabadságtelep', 1),
(129, 'Zsófialiget', 0),
(130, 'Pestszentlőrinc vasútállomás', 1),
(131, 'Kerepes', 1),
(132, 'Óbuda, Bogdáni út', 0),
(133, 'Békásmegyer, Újmegyeri tér', 0),
(134, 'Kossuth utca', 1),
(135, 'Káposztásmegyer, Mogyoródi-patak', 1),
(136, 'Pannóniatelep', 0),
(137, 'Pöttyös utca', 1),
(138, 'Hungexpo', 0),
(139, 'Pesterzsébet felső', 1),
(140, 'Gödöllő, Palotakert', 0),
(141, 'Építész utca', 0),
(142, 'Margitsziget', 0),
(143, 'Pillangó utca', 1),
(144, 'Újbuda-központ M', 1),
(145, 'Kálvin tér', 1),
(146, 'Corvin-negyed', 0),
(147, 'Budakeszi, Tesco áruház', 1),
(148, 'Sánc utca', 0),
(149, 'Rómaifürdő', 0),
(150, 'Gyöngyösi utca', 1);

-- --------------------------------------------------------

--
-- Tábla szerkezet ehhez a táblához `menetrend`
--

CREATE TABLE IF NOT EXISTS `menetrend` (
  `járatszam` varchar(4) DEFAULT NULL,
  `dátum` date DEFAULT NULL,
  `indul` time DEFAULT NULL,
  `érkezik` time DEFAULT NULL,
  `jármű_id` int(11) DEFAULT NULL,
  `megálló_id` int(11) DEFAULT NULL,
  `menetidő` int(11) DEFAULT NULL,
  KEY `jármű_id` (`jármű_id`),
  KEY `megálló_id` (`megálló_id`)
) ENGINE=InnoDB DEFAULT CHARSET=utf8mb4;

--
-- A tábla adatainak kiíratása `menetrend`
--

INSERT INTO `menetrend` (`járatszam`, `dátum`, `indul`, `érkezik`, `jármű_id`, `megálló_id`, `menetidő`) VALUES
('724', '2024-02-06', '13:30:00', '13:28:00', 45, 75, 38),
('293', '2024-04-27', '06:56:00', '06:50:00', 85, 76, 77),
('319', '2024-05-31', '21:34:00', '21:30:00', 51, 43, 69),
('13', '2024-02-20', '20:39:00', '20:29:00', 10, 102, 42),
('657', '2024-07-26', '18:52:00', '18:46:00', 78, 5, 32),
('99', '2024-03-13', '09:44:00', '09:41:00', 54, 84, 66),
('398', '2024-07-23', '01:45:00', '01:35:00', 79, 52, 80),
('42', '2024-06-30', '16:14:00', '16:11:00', 147, 109, 101),
('22', '2024-10-20', '06:24:00', '06:19:00', 7, 60, 110),
('220', '2024-11-09', '20:17:00', '20:11:00', 130, 95, 29),
('424', '2024-05-11', '04:23:00', '04:16:00', 50, 23, 108),
('270', '2024-03-25', '00:18:00', '00:16:00', 60, 60, 4),
('918', '2024-05-21', '01:24:00', '01:14:00', 87, 34, 32),
('390', '2024-08-12', '15:35:00', '15:33:00', 142, 1, 57),
('430', '2024-01-06', '19:58:00', '19:55:00', 118, 18, 12),
('600', '2024-12-06', '01:08:00', '01:05:00', 83, 143, 88),
('668', '2024-04-20', '09:20:00', '09:11:00', 34, 44, 77),
('97', '2024-01-27', '04:01:00', '03:52:00', 106, 110, 74),
('401', '2024-04-05', '18:21:00', '18:17:00', 108, 104, 27),
('916', '2024-09-08', '12:40:00', '12:34:00', 140, 139, 18),
('71', '2024-02-06', '01:53:00', '01:44:00', 101, 4, 43),
('38', '2024-01-17', '15:47:00', '15:46:00', 35, 79, 122),
('719', '2024-03-15', '14:39:00', '14:36:00', 28, 89, 104),
('385', '2024-01-28', '03:47:00', '03:45:00', 117, 142, 134),
('340', '2024-11-16', '19:04:00', '19:00:00', 26, 22, 66),
('216', '2024-03-02', '05:50:00', '05:49:00', 112, 4, 145),
('17', '2024-07-01', '14:32:00', '14:24:00', 67, 141, 48),
('654', '2024-03-05', '03:11:00', '03:05:00', 107, 115, 44),
('765', '2024-03-08', '17:27:00', '17:24:00', 117, 127, 54),
('365', '2024-12-06', '03:57:00', '03:49:00', 45, 38, 29),
('959', '2024-11-12', '11:32:00', '11:29:00', 94, 10, 103),
('349', '2024-11-04', '13:21:00', '13:15:00', 95, 127, 32),
('632', '2024-04-30', '14:01:00', '13:51:00', 66, 33, 58),
('504', '2024-12-22', '17:19:00', '17:14:00', 138, 110, 139),
('955', '2024-01-02', '05:16:00', '05:11:00', 58, 46, 145),
('841', '2024-02-28', '20:41:00', '20:40:00', 84, 90, 92),
('240', '2024-04-02', '14:34:00', '14:29:00', 108, 140, 20),
('620', '2024-09-05', '20:24:00', '20:14:00', 105, 9, 31),
('714', '2024-09-26', '02:10:00', '02:08:00', 103, 20, 93),
('889', '2024-06-14', '12:21:00', '12:14:00', 18, 57, 27),
('521', '2024-08-10', '18:22:00', '18:16:00', 42, 111, 121),
('372', '2024-01-07', '21:07:00', '21:03:00', 3, 75, 25),
('155', '2024-06-07', '11:19:00', '11:17:00', 149, 119, 58),
('666', '2024-04-12', '15:52:00', '15:50:00', 120, 80, 43),
('423', '2024-08-10', '06:56:00', '06:51:00', 37, 16, 96),
('258', '2024-09-03', '06:56:00', '06:52:00', 7, 68, 73),
('380', '2024-12-07', '16:49:00', '16:44:00', 39, 52, 104),
('950', '2024-05-31', '14:12:00', '14:06:00', 89, 27, 119),
('957', '2024-03-28', '12:48:00', '12:39:00', 72, 150, 23),
('312', '2024-04-16', '15:21:00', '15:18:00', 60, 62, 30),
('673', '2024-12-07', '21:36:00', '21:31:00', 51, 52, 76),
('308', '2024-02-15', '00:41:00', '00:31:00', 68, 49, 149),
('42', '2024-06-03', '20:04:00', '20:02:00', 83, 112, 138),
('258', '2024-02-05', '17:04:00', '17:03:00', 107, 95, 103),
('399', '2024-02-17', '12:38:00', '12:33:00', 44, 147, 59),
('139', '2024-11-14', '21:20:00', '21:14:00', 5, 133, 73),
('978', '2024-07-22', '14:49:00', '14:44:00', 112, 1, 3),
('120', '2024-08-28', '13:15:00', '13:12:00', 145, 130, 13),
('852', '2024-10-05', '15:15:00', '15:09:00', 97, 19, 145),
('666', '2024-01-19', '18:02:00', '17:57:00', 74, 119, 55),
('608', '2024-05-31', '20:08:00', '20:01:00', 146, 99, 138),
('780', '2024-06-26', '10:54:00', '10:46:00', 116, 20, 83),
('129', '2024-10-20', '07:34:00', '07:24:00', 3, 144, 31),
('815', '2024-01-12', '08:24:00', '08:19:00', 14, 37, 15),
('510', '2024-07-31', '20:50:00', '20:40:00', 41, 127, 21),
('209', '2024-08-06', '18:51:00', '18:46:00', 79, 129, 3),
('578', '2024-10-26', '22:51:00', '22:48:00', 7, 109, 119),
('145', '2024-08-27', '08:25:00', '08:18:00', 21, 145, 47),
('439', '2024-10-18', '00:48:00', '00:39:00', 72, 108, 25),
('703', '2024-02-22', '08:54:00', '08:50:00', 77, 134, 2),
('9', '2024-05-21', '23:43:00', '23:41:00', 135, 90, 41),
('204', '2024-03-30', '15:30:00', '15:28:00', 136, 66, 25),
('768', '2024-07-02', '00:05:00', '00:02:00', 114, 124, 70),
('473', '2024-12-30', '17:00:00', '16:56:00', 91, 101, 140),
('788', '2024-10-22', '23:17:00', '23:12:00', 121, 58, 62),
('587', '2024-02-04', '16:19:00', '16:12:00', 35, 41, 86),
('30', '2024-03-04', '19:31:00', '19:27:00', 81, 137, 147),
('253', '2024-08-09', '10:56:00', '10:46:00', 111, 60, 121),
('314', '2024-06-19', '14:05:00', '13:56:00', 65, 28, 142),
('927', '2024-05-24', '13:13:00', '13:06:00', 147, 102, 115),
('575', '2024-03-06', '05:11:00', '05:10:00', 146, 97, 51),
('371', '2024-02-10', '01:50:00', '01:43:00', 141, 71, 95),
('73', '2024-07-27', '12:11:00', '12:05:00', 124, 18, 63),
('651', '2024-12-24', '15:07:00', '15:00:00', 112, 17, 130),
('247', '2024-11-26', '03:07:00', '03:02:00', 45, 69, 47),
('944', '2024-06-08', '22:21:00', '22:14:00', 86, 95, 6),
('701', '2024-01-30', '05:44:00', '05:36:00', 58, 39, 88),
('907', '2024-12-26', '22:28:00', '22:27:00', 74, 116, 73),
('771', '2024-03-30', '01:48:00', '01:38:00', 137, 69, 32),
('973', '2024-03-11', '17:51:00', '17:46:00', 103, 10, 71),
('784', '2024-01-08', '08:10:00', '08:08:00', 87, 137, 84),
('397', '2024-06-29', '04:32:00', '04:30:00', 120, 16, 95),
('583', '2024-12-02', '02:36:00', '02:28:00', 149, 11, 148),
('32', '2024-07-11', '01:13:00', '01:08:00', 102, 12, 75),
('285', '2024-08-11', '08:57:00', '08:52:00', 87, 88, 122),
('731', '2024-08-24', '04:26:00', '04:18:00', 92, 111, 64),
('124', '2024-09-20', '02:35:00', '02:33:00', 46, 30, 63),
('940', '2024-11-06', '13:40:00', '13:32:00', 145, 82, 6),
('712', '2024-06-29', '10:12:00', '10:07:00', 106, 9, 71),
('853', '2024-07-31', '02:15:00', '02:14:00', 93, 78, 86);

--
-- Megkötések a kiírt táblákhoz
--

--
-- Megkötések a táblához `menetrend`
--
ALTER TABLE `menetrend`
  ADD CONSTRAINT `menetrend_ibfk_1` FOREIGN KEY (`jármű_id`) REFERENCES `jármű` (`id`),
  ADD CONSTRAINT `menetrend_ibfk_2` FOREIGN KEY (`megálló_id`) REFERENCES `megálló` (`id`);
COMMIT;

/*!40101 SET CHARACTER_SET_CLIENT=@OLD_CHARACTER_SET_CLIENT */;
/*!40101 SET CHARACTER_SET_RESULTS=@OLD_CHARACTER_SET_RESULTS */;
/*!40101 SET COLLATION_CONNECTION=@OLD_COLLATION_CONNECTION */;
